employeeid,email,first_name,last_name,title
1,johndoe@example.com,John,Doe,Manager
2,janesmith@example.com,Jane,Smith,Developer
3,markjohnson@example.com,Mark,Johnson,Analyst
4,amywilliams@example.com,Amy,Williams,Designer
5,chrisanderson@example.com,Chris,Anderson,Engineer
6,susanbrown@example.com,Susan,Brown,Coordinator
7,brianclark@example.com,Brian,Clark,Architect
8,emilymoore@example.com,Emily,Moore,Supervisor
9,davidroberts@example.com,David,Roberts,Programmer
10,lisataylor@example.com,Lisa,Taylor,Manager
11,ryanmiller@example.com,Ryan,Miller,Coordinator
12,caroljones@example.com,Carol,Jones,Developer
13,stevenwilson@example.com,Steven,Wilson,Analyst
14,laurasmith@example.com,Laura,Smith,Designer
15,kevinbrown@example.com,Kevin,Brown,Engineer
16,melissajones@example.com,Melissa,Jones,Architect
17,adamclark@example.com,Adam,Clark,Programmer
18,sarahmoore@example.com,Sarah,Moore,Manager
19,alexroberts@example.com,Alex,Roberts,Supervisor
20,jacktaylor@example.com,Jack,Taylor,Coordinator
