email,password,id
johndoe@example.com,Password1,1
janesmith@example.com,Password2,2
markjohnson@example.com,Password3,3
amywilliams@example.com,Password4,4
chrisanderson@example.com,Password5,5
susanbrown@example.com,Password6,6
brianclark@example.com,Password7,7
emilymoore@example.com,Password8,8
davidroberts@example.com,Password9,9
lisataylor@example.com,Password10,10
ryanmiller@example.com,Password11,11
caroljones@example.com,Password12,12
stevenwilson@example.com,Password13,13
laurasmith@example.com,Password14,14
kevinbrown@example.com,Password15,15
melissajones@example.com,Password16,16
adamclark@example.com,Password17,17
sarahmoore@example.com,Password18,18
alexroberts@example.com,Password19,19
jacktaylor@example.com,Password20,20